{
  "repair_cost-": {
    "count": 200.0,
    "mean": 1.2131999999999998,
    "std": 0.3842132992186533,
    "log_std": NaN,
    "min": 0.0,
    "0.1%": 0.0,
    "2.3%": 0.98,
    "10%": 1.0,
    "15.9%": 1.0,
    "50%": 1.0,
    "84.1%": 1.7,
    "90%": 1.98,
    "97.7%": 2.0,
    "99.9%": 2.0,
    "max": 2.0
  },
  "repair_time-parallel": {
    "count": 200.0,
    "mean": 398.54,
    "std": 113.79717653322808,
    "log_std": NaN,
    "min": 0.0,
    "0.1%": 0.0,
    "2.3%": 200.0,
    "10%": 365.0,
    "15.9%": 365.0,
    "50%": 365.0,
    "84.1%": 375.0,
    "90%": 565.0,
    "97.7%": 730.0,
    "99.9%": 730.0,
    "max": 730.0
  },
  "repair_time-sequential": {
    "count": 200.0,
    "mean": 398.54,
    "std": 113.79717653322808,
    "log_std": NaN,
    "min": 0.0,
    "0.1%": 0.0,
    "2.3%": 200.0,
    "10%": 365.0,
    "15.9%": 365.0,
    "50%": 365.0,
    "84.1%": 375.0,
    "90%": 565.0,
    "97.7%": 730.0,
    "99.9%": 730.0,
    "max": 730.0
  },
  "collapse": {
    "count": 200.0,
    "mean": 0.0,
    "std": 0.0,
    "log_std": NaN,
    "min": 0.0,
    "0.1%": 0.0,
    "2.3%": 0.0,
    "10%": 0.0,
    "15.9%": 0.0,
    "50%": 0.0,
    "84.1%": 0.0,
    "90%": 0.0,
    "97.7%": 0.0,
    "99.9%": 0.0,
    "max": 0.0
  },
  "irreparable": {
    "count": 200.0,
    "mean": 0.0,
    "std": 0.0,
    "log_std": NaN,
    "min": 0.0,
    "0.1%": 0.0,
    "2.3%": 0.0,
    "10%": 0.0,
    "15.9%": 0.0,
    "50%": 0.0,
    "84.1%": 0.0,
    "90%": 0.0,
    "97.7%": 0.0,
    "99.9%": 0.0,
    "max": 0.0
  }
}