ID,Incomplete,Demand-Type,Demand-Unit,Demand-Offset,Demand-Directional,LS1-Family,LS1-Theta_0,LS1-DamageStateWeights
PWP.B.GS,0,Peak Ground Velocity,cmps,0,0,multilinear_CDF,"0.1,2,3,4,5,6,8,10,15,20,30,40,50,60,80,100,150,200,300,400,500,579|0.00,0.00000290,0.00000722,0.00001379,0.00002279,0.00003435,0.00006561,0.00010840,0.00026993,0.00051566,0.00128401,0.00245290,0.00405254,0.00610781,0.01166803,0.01927724,0.04800100,0.09169855,0.22833253,0.43619425,0.72065511,1.00",0.8 | 0.2
PWP.D.GS,0,Peak Ground Velocity,cmps,0,0,multilinear_CDF,"0.2,3,4,5,6,8,10,15,20,30,40,50,60,80,100,150,200,300,400,500,600,800,990|0.00,0.00000217,0.00000414,0.00000684,0.00001030,0.00001968,0.00003252,0.00008098,0.00015470,0.00038520,0.00073587,0.00121576,0.00183234,0.00350041,0.00578317,0.01440030,0.02750956,0.06849976,0.13085828,0.21619653,0.32584160,0.62247037,1.00",0.8 | 0.2
PWP.B.GF,0,Permanent Ground Deformation,inch,0,0,multilinear_CDF,"0.008,0.1,0.2,0.3,0.4,0.5,0.6,0.8,1,2,3,4,5,6,8,10,15,20,30,40,50,60,80,100,150,200,300,400,500,600,800,1000,2000,3000,4000,5000,6000,8000,9050|0.00,0.00167898,0.00247527,0.00310622,0.00364921,0.00413493,0.00457941,0.00537991,0.00609600,0.00898715,0.01127802,0.01324947,0.01501302,0.01662684,0.01953329,0.02213324,0.02777513,0.03263035,0.04094802,0.04810592,0.05450899,0.06036840,0.07092108,0.08036093,0.10084539,0.11847365,0.14867326,0.17466205,0.19791019,0.21918441,0.25749888,0.29177290,0.43015181,0.53979998,0.63415957,0.71856848,0.79581049,0.93492194,1.00",0.2 | 0.8
PWP.D.GF,0,Permanent Ground Deformation,inch,0,0,multilinear_CDF,"0.3,0.4,0.5,0.6,0.8,1,2,3,4,5,6,8,10,15,20,30,40,50,60,80,100,150,200,300,400,500,600,800,1000,2000,3000,4000,5000,6000,8000,10000,20000,30000,40000,50000,60000,80000|0.00,0.00109476,0.00124048,0.00137382,0.00161397,0.00182880,0.00269614,0.00338341,0.00397484,0.00450391,0.00498805,0.00585999,0.00663997,0.00833254,0.00978911,0.01228440,0.01443178,0.01635270,0.01811052,0.02127632,0.02410828,0.03025362,0.03554209,0.04460198,0.05239862,0.05937306,0.06575532,0.07724967,0.08753187,0.12904554,0.16193999,0.19024787,0.21557054,0.23874315,0.28047658,0.31780902,0.46853605,0.58796858,0.69074827,0.78268933,0.86682397,1.00",0.2 | 0.8