{
  "ONE-0-1": [
    1.0,
    1.0,
    1.0,
    1.0,
    1.0,
    1.0,
    1.0,
    1.0,
    1.0,
    1.0,
    1.0,
    1.0,
    1.0,
    1.0,
    1.0,
    1.0,
    1.0,
    1.0,
    1.0,
    1.0,
    1.0,
    1.0,
    1.0,
    1.0,
    1.0,
    1.0,
    1.0,
    1.0,
    1.0,
    1.0,
    1.0,
    1.0,
    1.0,
    1.0,
    1.0,
    1.0,
    1.0,
    1.0,
    1.0,
    1.0,
    1.0,
    1.0,
    1.0,
    1.0,
    1.0,
    1.0,
    1.0,
    1.0,
    1.0,
    1.0,
    1.0,
    1.0,
    1.0,
    1.0,
    1.0,
    1.0,
    1.0,
    1.0,
    1.0,
    1.0,
    1.0,
    1.0,
    1.0,
    1.0,
    1.0,
    1.0,
    1.0,
    1.0,
    1.0,
    1.0,
    1.0,
    1.0,
    1.0,
    1.0,
    1.0,
    1.0,
    1.0,
    1.0,
    1.0,
    1.0,
    1.0,
    1.0,
    1.0,
    1.0,
    1.0,
    1.0,
    1.0,
    1.0,
    1.0,
    1.0,
    1.0,
    1.0,
    1.0,
    1.0,
    1.0,
    1.0,
    1.0,
    1.0,
    1.0,
    1.0
  ],
  "SA_1.0-1-1": [
    174.66523010648734,
    423.20406334400207,
    431.21156120489695,
    224.9288336241796,
    207.37548106078424,
    392.3347675974147,
    294.23751001532264,
    256.4655665891784,
    146.09172469226607,
    417.44370575841305,
    166.7061966201757,
    190.6153215593885,
    333.705072266478,
    456.68728403842186,
    244.54079249161387,
    254.09862815173273,
    225.2897419221389,
    161.03886922408873,
    432.20574445086703,
    121.39534863447231,
    218.85632039361403,
    248.37589717857847,
    60.16124064053989,
    124.93078638387767,
    98.20876989884009,
    63.24679765615795,
    398.6508759712748,
    93.42141083947936,
    193.19662946905805,
    172.1122369397218,
    322.9724099510311,
    291.3548970996772,
    497.11559009018873,
    1462.7808661716658,
    243.0649763342755,
    386.87105743700965,
    421.6682154894492,
    208.75869244433807,
    239.55380864820984,
    443.2807035140983,
    336.54348970942624,
    156.8626991919489,
    101.97114737284828,
    365.7721937635108,
    478.51686332814853,
    138.45977111113126,
    164.62194924158362,
    423.9232614340912,
    175.21690852430405,
    199.45230387977276,
    279.6616208154534,
    225.85138594477044,
    389.8992051555997,
    200.29295418711936,
    119.88067940047895,
    359.6449567272016,
    967.0492486194554,
    65.34663835613372,
    307.90154360207424,
    163.44971890955705,
    87.21653057272557,
    481.87031772975473,
    136.30594000514807,
    181.897042771493,
    436.7104478465648,
    558.3894360297694,
    353.0089805592089,
    377.6293936239092,
    113.07818020467164,
    132.05578212214817,
    180.82209410525184,
    59.264872717716734,
    625.6648299260667,
    450.7262020099568,
    267.23536323122283,
    282.26948496463996,
    252.62841731354237,
    192.92463096549017,
    168.02434787454823,
    80.98623288450243,
    169.61654920405786,
    183.60029736532024,
    549.1316978316634,
    172.40670658471788,
    332.4456339572713,
    473.2154225341772,
    186.8676650934637,
    155.79702238043973,
    377.07163444619374,
    355.3830863538416,
    325.35974462190063,
    63.71910827348784,
    630.5624978766732,
    264.846248691694,
    128.50458958795872,
    833.7611157232478,
    311.17398804792685,
    480.4370684272544,
    66.57048234869981,
    317.50214796520885
  ],
  "Units": {
    "ONE-0-1": "unitless",
    "SA_1.0-1-1": "inchps2"
  }
}