{
  "repair_cost-": {
    "count": 100.0,
    "mean": 0.246,
    "std": 0.4051736128694174,
    "log_std": NaN,
    "min": 0.0,
    "0.1%": 0.0,
    "2.3%": 0.0,
    "10%": 0.0,
    "15.9%": 0.0,
    "50%": 0.0,
    "84.1%": 0.98,
    "90%": 1.0,
    "97.7%": 1.0,
    "99.9%": 1.0,
    "max": 1.0
  },
  "repair_time-parallel": {
    "count": 100.0,
    "mean": 60.51,
    "std": 123.07347686268844,
    "log_std": NaN,
    "min": 0.0,
    "0.1%": 0.0,
    "2.3%": 0.0,
    "10%": 0.0,
    "15.9%": 0.0,
    "50%": 0.0,
    "84.1%": 200.0,
    "90%": 365.0,
    "97.7%": 365.0,
    "99.9%": 365.0,
    "max": 365.0
  },
  "repair_time-sequential": {
    "count": 100.0,
    "mean": 60.51,
    "std": 123.07347686268844,
    "log_std": NaN,
    "min": 0.0,
    "0.1%": 0.0,
    "2.3%": 0.0,
    "10%": 0.0,
    "15.9%": 0.0,
    "50%": 0.0,
    "84.1%": 200.0,
    "90%": 365.0,
    "97.7%": 365.0,
    "99.9%": 365.0,
    "max": 365.0
  }
}