{
  "repair_cost": {
    "count": 1000.0,
    "mean": 0.1871019999999999,
    "std": 0.2319242688087265,
    "log_std": NaN,
    "min": 0.0,
    "0.1%": 0.0,
    "2.3%": 0.0,
    "10%": 0.0,
    "15.9%": 0.007,
    "50%": 0.061,
    "84.1%": 0.521,
    "90%": 0.521,
    "97.7%": 1.0,
    "99.9%": 1.0,
    "max": 1.0
  }
}