{
  "repair_cost-": {
    "count": 5000.0,
    "mean": 1.329276,
    "std": 0.3982304776466328,
    "log_std": NaN,
    "min": 0.0,
    "0.1%": 0.9790199999999996,
    "2.3%": 1.0,
    "10%": 1.0,
    "15.9%": 1.0,
    "50%": 1.0,
    "84.1%": 1.98,
    "90%": 2.0,
    "97.7%": 2.0,
    "99.9%": 2.0,
    "max": 2.0
  },
  "repair_time-parallel": {
    "count": 5000.0,
    "mean": 424.961,
    "std": 127.6186380680991,
    "log_std": NaN,
    "min": 0.0,
    "0.1%": 199.79999999999995,
    "2.3%": 365.0,
    "10%": 365.0,
    "15.9%": 365.0,
    "50%": 365.0,
    "84.1%": 565.0,
    "90%": 730.0,
    "97.7%": 730.0,
    "99.9%": 730.0,
    "max": 730.0
  },
  "repair_time-sequential": {
    "count": 5000.0,
    "mean": 424.961,
    "std": 127.6186380680991,
    "log_std": NaN,
    "min": 0.0,
    "0.1%": 199.79999999999995,
    "2.3%": 365.0,
    "10%": 365.0,
    "15.9%": 365.0,
    "50%": 365.0,
    "84.1%": 565.0,
    "90%": 730.0,
    "97.7%": 730.0,
    "99.9%": 730.0,
    "max": 730.0
  }
}