{
  "ONE-0-1": [
    1.0,
    1.0,
    1.0,
    1.0,
    1.0,
    1.0,
    1.0,
    1.0,
    1.0,
    1.0,
    1.0,
    1.0,
    1.0,
    1.0,
    1.0,
    1.0,
    1.0,
    1.0,
    1.0,
    1.0,
    1.0,
    1.0,
    1.0,
    1.0,
    1.0,
    1.0,
    1.0,
    1.0,
    1.0,
    1.0,
    1.0,
    1.0,
    1.0,
    1.0,
    1.0,
    1.0,
    1.0,
    1.0,
    1.0,
    1.0,
    1.0,
    1.0,
    1.0,
    1.0,
    1.0,
    1.0,
    1.0,
    1.0,
    1.0,
    1.0,
    1.0,
    1.0,
    1.0,
    1.0,
    1.0,
    1.0,
    1.0,
    1.0,
    1.0,
    1.0,
    1.0,
    1.0,
    1.0,
    1.0,
    1.0,
    1.0,
    1.0,
    1.0,
    1.0,
    1.0,
    1.0,
    1.0,
    1.0,
    1.0,
    1.0,
    1.0,
    1.0,
    1.0,
    1.0,
    1.0,
    1.0,
    1.0,
    1.0,
    1.0,
    1.0,
    1.0,
    1.0,
    1.0,
    1.0,
    1.0,
    1.0,
    1.0,
    1.0,
    1.0,
    1.0,
    1.0,
    1.0,
    1.0,
    1.0,
    1.0
  ],
  "SA_1.0-1-1": [
    27.93954087779573,
    46.33692694697756,
    60.73663589377221,
    41.67471610656528,
    43.52163710666279,
    63.773841224157295,
    75.91323998610093,
    64.95678190944587,
    23.570045447783503,
    51.765728591568,
    25.181450850412723,
    17.553675008843577,
    33.42766083756297,
    146.33014020952143,
    46.03023507425596,
    49.69312213202616,
    74.25529562115452,
    38.66377487747872,
    108.19784068543149,
    13.579433091266319,
    47.963613312551594,
    63.59688240359522,
    17.974290512168537,
    18.026673587006943,
    16.505527357721757,
    15.111952457037338,
    89.70623712702691,
    17.481584433230996,
    35.41951045383416,
    43.86631215194896,
    49.89477232745119,
    27.853118725800435,
    52.97758244250648,
    210.14084140479557,
    61.18074103927349,
    32.52929435337928,
    185.9697252019276,
    27.90875103429481,
    40.150154437655566,
    83.22384995248251,
    33.62368950717859,
    43.574795760734816,
    16.17841543889236,
    67.79457634211454,
    62.546351291674085,
    25.958768057673197,
    36.46217263356503,
    24.888858473342847,
    43.15263719605007,
    59.924407771375144,
    100.46517395907956,
    24.987386915345578,
    114.79976980174312,
    57.831590493162494,
    40.45727914398416,
    35.73176306538876,
    122.7402522928956,
    27.752174069904857,
    48.866585263966655,
    17.16233827426223,
    18.627902738866908,
    79.45733219455478,
    19.300875599188117,
    35.60381571347946,
    61.67454076780199,
    89.42994543044327,
    52.08973328532482,
    48.49969680726527,
    35.20840441937216,
    54.52768993503729,
    31.740234924853343,
    6.192228185124452,
    94.73287928058632,
    207.16747549391056,
    58.46886054687079,
    40.33077446465512,
    26.948862016978406,
    32.52713697648608,
    61.04831780056516,
    16.829477600447206,
    11.46285953089714,
    28.802849276705157,
    114.70466233643334,
    32.28821773234419,
    90.7032676755491,
    69.28560434309414,
    22.464681565036308,
    23.835359061154183,
    69.95214430474769,
    74.83919149526528,
    82.92747701035671,
    17.724985044518068,
    111.74791071350397,
    25.177773561278524,
    18.81195725173928,
    79.99355041462704,
    40.71205686337485,
    48.91082907707471,
    9.928091219415816,
    51.75693967904032
  ],
  "Units": {
    "ONE-0-1": "unitless",
    "SA_1.0-1-1": "inchps2"
  }
}