{
  "repair_cost-": {
    "count": 100.0,
    "mean": 0.012,
    "std": 0.0590839156700797,
    "log_std": NaN,
    "min": 0.0,
    "0.1%": 0.0,
    "2.3%": 0.0,
    "10%": 0.0,
    "15.9%": 0.0,
    "50%": 0.0,
    "84.1%": 0.0,
    "90%": 0.0,
    "97.7%": 0.3,
    "99.9%": 0.3,
    "max": 0.3
  },
  "repair_time-parallel": {
    "count": 100.0,
    "mean": 0.08,
    "std": 0.3938927711338647,
    "log_std": NaN,
    "min": 0.0,
    "0.1%": 0.0,
    "2.3%": 0.0,
    "10%": 0.0,
    "15.9%": 0.0,
    "50%": 0.0,
    "84.1%": 0.0,
    "90%": 0.0,
    "97.7%": 2.0,
    "99.9%": 2.0,
    "max": 2.0
  },
  "repair_time-sequential": {
    "count": 100.0,
    "mean": 0.08,
    "std": 0.3938927711338647,
    "log_std": NaN,
    "min": 0.0,
    "0.1%": 0.0,
    "2.3%": 0.0,
    "10%": 0.0,
    "15.9%": 0.0,
    "50%": 0.0,
    "84.1%": 0.0,
    "90%": 0.0,
    "97.7%": 2.0,
    "99.9%": 2.0,
    "max": 2.0
  }
}