{
  "repair_cost-": {
    "count": 500.0,
    "mean": 1.2331200000000002,
    "std": 0.3636078752914296,
    "log_std": NaN,
    "min": 0.0,
    "0.1%": 0.0,
    "2.3%": 0.98954,
    "10%": 1.0,
    "15.9%": 1.0,
    "50%": 1.0,
    "84.1%": 1.7,
    "90%": 1.98,
    "97.7%": 2.0,
    "99.9%": 2.0,
    "max": 2.0
  },
  "repair_time-parallel": {
    "count": 500.0,
    "mean": 394.176,
    "std": 106.75160342433897,
    "log_std": NaN,
    "min": 0.0,
    "0.1%": 0.0,
    "2.3%": 278.70500000000004,
    "10%": 365.0,
    "15.9%": 365.0,
    "50%": 365.0,
    "84.1%": 375.0,
    "90%": 565.0,
    "97.7%": 730.0,
    "99.9%": 730.0,
    "max": 730.0
  },
  "repair_time-sequential": {
    "count": 500.0,
    "mean": 394.176,
    "std": 106.75160342433897,
    "log_std": NaN,
    "min": 0.0,
    "0.1%": 0.0,
    "2.3%": 278.70500000000004,
    "10%": 365.0,
    "15.9%": 365.0,
    "50%": 365.0,
    "84.1%": 375.0,
    "90%": 565.0,
    "97.7%": 730.0,
    "99.9%": 730.0,
    "max": 730.0
  }
}